m1_surv,m2_surv
1,0.99532
0.9985,0.99135
0.99701,0.98678
0.99551,0.98235
0.99402,0.98116
0.99253,0.97997
0.99105,0.97804
0.98956,0.97684
0.98808,0.97565
0.9866,0.97475
0.98512,0.97371
0.98365,0.97266
0.98217,0.97132
0.9807,0.97027
0.97923,0.96982
0.97777,0.96832
0.9763,0.96787
0.97484,0.96637
0.97338,0.96577
0.97192,0.96547
0.97047,0.96502
0.96901,0.96427
0.96756,0.96366
0.96611,0.96321
0.96466,0.96321
0.96322,0.96216
0.96178,0.96171
0.96034,0.9611
0.9589,0.96065
0.95747,0.9605
0.95604,0.96004
0.95462,0.95974
0.9532,0.95929
0.9518,0.95853
0.95039,0.95808
0.94899,0.95778
0.9476,0.95732
0.94621,0.95687
0.94483,0.95611
0.94345,0.9558
0.94208,0.9558
0.94071,0.9555
0.93935,0.9552
0.93799,0.9552
0.93665,0.95504
0.9353,0.95474
0.93397,0.95428
0.93264,0.95428
0.93132,0.95428
0.93,0.95398
0.92869,0.95383
0.92738,0.95352
0.92608,0.95352
0.92478,0.95337
0.9235,0.95322
0.92221,0.95322
0.92094,0.95292
0.91966,0.95276
0.9184,0.95261
0.91714,0.95261
0.91588,0.95246
0.91463,0.95215
0.91339,0.95215
0.91215,0.95154
0.91091,0.95093
0.90968,0.95093
0.90846,0.95093
0.90724,0.95063
0.90602,0.95048
0.90482,0.95048
0.90361,0.95048
0.90241,0.95017
0.90121,0.94956
0.90001,0.94941
0.89881,0.94926
0.89762,0.9491
0.89642,0.94895
0.89523,0.94895
0.89404,0.94895
0.89285,0.94895
0.89166,0.94895
0.89048,0.94895
0.88929,0.94864
0.88811,0.94849
0.88693,0.94834
0.88575,0.94834
0.88457,0.94834
0.88339,0.94819
0.88222,0.94788
0.88105,0.94788
0.87987,0.94773
0.8787,0.94727
0.87753,0.94696
0.87637,0.94665
0.8752,0.94635
0.87404,0.94604
0.87287,0.94589
0.87171,0.94558
0.87055,0.94527
0.8694,0.94527
0.86824,0.94481
0.86708,0.94466
0.86593,0.9445
0.86478,0.94435
0.86363,0.94435
0.86249,0.94435
0.86134,0.94435
0.8602,0.94419
0.85905,0.94404
0.85791,0.94388
0.85677,0.94388
0.85564,0.94388
0.8545,0.94388
0.85336,0.94373
0.85223,0.94358
0.8511,0.94327
0.84997,0.94327
0.84884,0.94311
0.84771,0.94265
0.84658,0.9425
0.84546,0.9425
0.84434,0.94234
0.84321,0.94219
0.84209,0.94203
0.84098,0.94203
0.83986,0.94172
0.83874,0.94172
0.83763,0.94157
0.83651,0.94157
0.8354,0.94141
0.83429,0.94141
0.83318,0.94141
0.83208,0.94126
0.83097,0.9411
0.82986,0.94048
0.82876,0.94048
0.82766,0.94048
0.82656,0.94048
0.82546,0.94017
0.82436,0.94002
0.82326,0.94002
0.82217,0.93986
0.82107,0.93955
0.81998,0.9394
0.81889,0.9394
0.8178,0.9394
0.81671,0.9394
0.81562,0.93909
0.81454,0.93893
0.81345,0.93862
0.81237,0.93847
0.81129,0.93847
0.81021,0.93831
0.80913,0.93831
0.80805,0.93831
0.80698,0.93831
0.8059,0.93831
0.80483,0.93816
0.80376,0.93816
0.80269,0.93816
0.80162,0.938
0.80056,0.93769
0.79949,0.93769
0.79843,0.93754
0.79736,0.93723
0.7963,0.93691
0.79524,0.93691
0.79418,0.93676
0.79313,0.93676
0.79207,0.93645
0.79102,0.93645
0.78996,0.93629
0.78891,0.93614
0.78786,0.93614
0.78681,0.93614
0.78577,0.93614
0.78472,0.93583
0.78368,0.93583
0.78263,0.93583
0.78159,0.93583
0.78055,0.93567
0.77951,0.93567
0.77848,0.93551
0.77744,0.93551
0.77641,0.93551
0.77537,0.93536
0.77434,0.9352
0.77331,0.93505
0.77228,0.93489
0.77125,0.93474
0.77023,0.93474
0.7692,0.93474
0.76818,0.93458
0.76716,0.93442
0.76614,0.93442
0.76512,0.93427
0.7641,0.93427
0.76308,0.93411
0.76207,0.93396
0.76105,0.93364
0.76004,0.93364
0.75903,0.93364
0.75802,0.93364
0.75701,0.93364
0.756,0.93349
0.755,0.93333
0.75399,0.93333
0.75299,0.93333
0.75199,0.93318
0.75099,0.93318
0.74999,0.93318
0.74899,0.93318
0.74799,0.93318
0.747,0.93318
0.74601,0.93302
0.74501,0.93286
0.74402,0.93286
0.74303,0.93286
0.74204,0.93286
0.74106,0.93271
0.74007,0.93271
0.73909,0.93271
0.7381,0.93271
0.73712,0.93255
0.73614,0.93255
0.73516,0.93255
0.73418,0.93255
0.73321,0.9324
0.73223,0.9324
0.73126,0.9324
0.73028,0.93224
0.72931,0.93224
0.72834,0.93224
0.72737,0.93208
0.72641,0.93208
0.72544,0.93208
0.72448,0.93208
0.72351,0.93208
0.72255,0.93193
0.72159,0.93193
0.72063,0.93193
0.71967,0.93177
0.71871,0.93177
0.71776,0.93162
0.7168,0.93146
0.71585,0.93146
0.7149,0.93115
0.71395,0.93099
0.713,0.93099
0.71205,0.93084
0.7111,0.93068
0.71015,0.93052
0.70921,0.93037
0.70827,0.93037
0.70732,0.93037
0.70638,0.93037
0.70544,0.93021
0.70451,0.93005
0.70357,0.9299
0.70263,0.9299
0.7017,0.9299
0.70077,0.9299
0.69983,0.92974
0.6989,0.92974
0.69797,0.92974
0.69705,0.92974
0.69612,0.92959
0.69519,0.92959
0.69427,0.92959
0.69334,0.92959
0.69242,0.92959
0.6915,0.92959
0.69058,0.92943
0.68966,0.92943
0.68875,0.92927
0.68783,0.92927
0.68692,0.92927
0.686,0.92927
0.68509,0.9288
0.68418,0.92865
0.68327,0.92849
0.68236,0.92849
0.68145,0.92833
0.68055,0.92818
0.67964,0.92786
0.67874,0.92786
0.67784,0.92786
0.67693,0.92786
0.67603,0.92786
0.67514,0.92786
0.67424,0.92786
0.67334,0.92786
0.67245,0.92786
0.67155,0.92786
0.67066,0.92771
0.66977,0.92755
0.66888,0.92755
0.66799,0.92755
0.6671,0.92755
0.66621,0.92755
0.66533,0.92755
0.66444,0.92755
0.66356,0.92755
0.66269,0.92755
0.66181,0.92755
0.66094,0.92739
0.66007,0.92724
0.6592,0.92708
0.65834,0.92708
0.65748,0.92692
0.65662,0.92692
0.65577,0.92677
0.65491,0.92677
0.65406,0.92677
0.65321,0.92677
0.65236,0.92677
0.65152,0.92677
0.65068,0.92661
0.64984,0.92645
0.649,0.92645
0.64817,0.9263
0.64733,0.9263
0.6465,0.92598
0.64567,0.92598
0.64485,0.92567
0.64402,0.92567
0.6432,0.92567
0.64238,0.92567
0.64156,0.92567
0.64075,0.92567
0.63994,0.92535
0.63913,0.92535
0.63832,0.9252
0.63751,0.9252
0.63671,0.9252
0.6359,0.9252
0.6351,0.9252
0.6343,0.92488
0.63351,0.92488
0.63271,0.92488
0.63192,0.92472
0.63113,0.92472
0.63034,0.92457
0.62956,0.92441
0.62877,0.92441
0.62799,0.92441
0.62721,0.92441
0.62643,0.92409
0.62566,0.92409
0.62488,0.92393
0.62411,0.92362
0.62334,0.92362
0.62258,0.92362
0.62182,0.92362
0.62106,0.92346
0.6203,0.92346
0.61954,0.9233
0.61879,0.9233
0.61803,0.9233
0.61728,0.92315
0.61654,0.92315
0.61579,0.92315
0.61505,0.92299
0.61431,0.92283
0.61357,0.92283
0.61283,0.92251
0.61209,0.92236
0.61136,0.92236
0.61063,0.92236
0.6099,0.9222
0.60917,0.9222
0.60845,0.9222
0.60773,0.9222
0.60701,0.9222
0.60629,0.9222
0.60557,0.9222
0.60485,0.9222
0.60414,0.9222
0.60342,0.9222
0.60271,0.9222
0.60201,0.9222
0.6013,0.9222
0.6006,0.92204
0.59989,0.92204
0.59919,0.92188
0.59849,0.92172
0.5978,0.92172
0.5971,0.92172
0.59641,0.92172
0.59572,0.92172
0.59503,0.92172
0.59434,0.92156
0.59366,0.92141
0.59297,0.92141
0.59229,0.92141
0.59161,0.92125
0.59094,0.92109
0.59026,0.92109
0.58959,0.92093
0.58892,0.92077
0.58825,0.92077
0.58758,0.92077
0.58691,0.92077
0.58624,0.92061
0.58558,0.92061
0.58491,0.92061
0.58425,0.92045
0.58358,0.9203
0.58292,0.9203
0.58226,0.9203
0.5816,0.9203
0.58094,0.9203
0.58028,0.92014
0.57962,0.92014
0.57896,0.91998
0.5783,0.91998
0.57764,0.91998
0.57699,0.91982
0.57633,0.91982
0.57568,0.91982
0.57502,0.91982
0.57437,0.91982
0.57372,0.91982
0.57306,0.91982
0.57241,0.91966
0.57176,0.91966
0.57111,0.9195
0.57046,0.9195
0.56982,0.9195
0.56917,0.9195
0.56852,0.9195
0.56788,0.9195
0.56723,0.9195
0.56659,0.9195
0.56594,0.9195
0.5653,0.9195
0.56466,0.9195
0.56402,0.9195
0.56337,0.9195
0.56273,0.91934
0.56209,0.91934
0.56146,0.91934
0.56082,0.91934
0.56018,0.91934
0.55954,0.91918
0.55891,0.91902
0.55827,0.91902
0.55764,0.91902
0.55701,0.91902
0.55637,0.91871
0.55574,0.91855
0.55511,0.91839
0.55448,0.91839
0.55385,0.91839
0.55322,0.91839
0.55259,0.91839
0.55196,0.91807
0.55134,0.91807
0.55071,0.91807
0.55009,0.91807
0.54946,0.91807
0.54884,0.91807
0.54821,0.91807
0.54759,0.91807
0.54697,0.91791
0.54635,0.91791
0.54573,0.91791
0.54511,0.91775
0.54449,0.91775
0.54387,0.91775
0.54325,0.91743
0.54263,0.91727
0.54202,0.91727
0.5414,0.91727
0.54079,0.91727
0.54017,0.91727
0.53956,0.91727
0.53895,0.91711
0.53833,0.91711
0.53772,0.91695
0.53711,0.91695
0.5365,0.91695
0.53589,0.91695
0.53528,0.91679
0.53467,0.91664
0.53407,0.91664
0.53346,0.91648
0.53286,0.91648
0.53225,0.91632
0.53165,0.91616
0.53104,0.91584
0.53044,0.91568
0.52984,0.91568
0.52923,0.91568
0.52863,0.91568
0.52803,0.91568
0.52743,0.91568
0.52683,0.91568
0.52624,0.91568
0.52564,0.91568
0.52504,0.91568
0.52444,0.91568
0.52385,0.91568
0.52325,0.91552
0.52266,0.91552
0.52207,0.91552
0.52147,0.91552
0.52088,0.91552
0.52029,0.91552
0.5197,0.91552
0.51911,0.91536
0.51852,0.91536
0.51793,0.91536
0.51734,0.9152
0.51675,0.91488
0.51617,0.91472
0.51558,0.91472
0.515,0.9144
0.51441,0.9144
0.51383,0.9144
0.51324,0.9144
0.51266,0.91408
0.51208,0.91392
0.5115,0.91392
0.51092,0.91392
0.51034,0.91392
0.50976,0.91392
0.50918,0.91376
0.5086,0.91376
0.50802,0.91376
0.50744,0.91376
0.50687,0.91376
0.50629,0.91376
0.50572,0.9136
0.50514,0.9136
0.50457,0.91344
0.504,0.91328
0.50342,0.91328
0.50285,0.91312
0.50228,0.91312
0.50171,0.91312
0.50114,0.91296
0.50057,0.91296
0.5,0.91264
0.49944,0.91264
0.49887,0.91247
0.4983,0.91231
0.49774,0.91215
0.49717,0.91215
0.49661,0.91183
0.49604,0.91183
0.49548,0.91183
0.49492,0.91183
0.49436,0.91183
0.4938,0.91183
0.49323,0.91183
0.49267,0.91183
0.49212,0.91183
0.49156,0.91183
0.491,0.91183
0.49044,0.91167
0.48988,0.91167
0.48933,0.91167
0.48877,0.91167
0.48822,0.91167
0.48766,0.91167
0.48711,0.91167
0.48656,0.91167
0.486,0.91167
0.48545,0.91151
0.4849,0.91151
0.48435,0.91151
0.4838,0.91151
0.48325,0.91103
0.4827,0.91103
0.48216,0.91087
0.48161,0.91087
0.48106,0.91087
0.48051,0.91087
0.47997,0.91087
0.47942,0.91087
0.47888,0.9107
0.47834,0.9107
0.47779,0.9107
0.47725,0.9107
0.47671,0.9107
0.47617,0.91054
0.47563,0.91054
0.47509,0.91054
0.47455,0.91054
0.47401,0.91054
0.47347,0.91038
0.47293,0.91038
0.4724,0.91022
0.47186,0.91022
0.47133,0.91022
0.47079,0.91022
0.47026,0.91022
0.46972,0.91006
0.46919,0.9099
0.46866,0.9099
0.46812,0.90974
0.46759,0.90974
0.46706,0.90958
0.46653,0.90958
0.466,0.90958
0.46547,0.90941
0.46495,0.90941
0.46442,0.90941
0.46389,0.90941
0.46336,0.90941
0.46284,0.90941
0.46231,0.90941
0.46179,0.90941
0.46126,0.90941
0.46074,0.90925
0.46022,0.90909
0.4597,0.90877
0.45917,0.90877
0.45865,0.90877
0.45813,0.90861
0.45761,0.90861
0.45709,0.90845
0.45657,0.90845
0.45606,0.90845
0.45554,0.90828
0.45502,0.90828
0.4545,0.90812
0.45399,0.90796
0.45347,0.90796
0.45296,0.90796
0.45244,0.9078
0.45193,0.9078
0.45142,0.9078
0.45091,0.9078
0.45039,0.9078
0.44988,0.9078
0.44937,0.90764
0.44886,0.90764
0.44835,0.90764
0.44784,0.90747
0.44734,0.90731
0.44683,0.90731
0.44632,0.90731
0.44582,0.90715
0.44531,0.90715
0.4448,0.90715
0.4443,0.90699
0.4438,0.90699
0.44329,0.90699
0.44279,0.90699
0.44229,0.90699
0.44178,0.90699
0.44128,0.90699
0.44078,0.90683
0.44028,0.90683
0.43978,0.90667
0.43928,0.90667
0.43878,0.90667
0.43829,0.90667
0.43779,0.90667
0.43729,0.90667
0.4368,0.90667
0.4363,0.90667
0.43581,0.90667
0.43531,0.90667
0.43482,0.9065
0.43432,0.9065
0.43383,0.90634
0.43334,0.90618
0.43285,0.90618
0.43236,0.90602
0.43187,0.90602
0.43138,0.90602
0.43089,0.90602
0.4304,0.90602
0.42991,0.90585
0.42942,0.90585
0.42893,0.90585
0.42845,0.90569
0.42796,0.90553
0.42748,0.90553
0.42699,0.90537
0.42651,0.90537
0.42602,0.90537
0.42554,0.90537
0.42506,0.90504
0.42457,0.90488
0.42409,0.90488
0.42361,0.90488
0.42313,0.90488
0.42265,0.90488
0.42217,0.90472
0.42169,0.90439
0.42121,0.90439
0.42074,0.90439
0.42026,0.90439
0.41978,0.90439
0.41931,0.90439
0.41883,0.90439
0.41835,0.90423
0.41788,0.90423
0.41741,0.90358
0.41693,0.90358
0.41646,0.90358
0.41599,0.90358
0.41552,0.90358
0.41504,0.90358
0.41457,0.90358
0.4141,0.90358
0.41363,0.90342
0.41316,0.90325
0.4127,0.90293
0.41223,0.90293
0.41176,0.90293
0.41129,0.90276
0.41083,0.90276
0.41036,0.90276
0.40989,0.90276
0.40943,0.90276
0.40897,0.9026
0.4085,0.9026
0.40804,0.9026
0.40758,0.9026
0.40711,0.90244
0.40665,0.90244
0.40619,0.90244
0.40573,0.90244
0.40527,0.90244
0.40481,0.90244
0.40435,0.90244
0.40389,0.90244
0.40343,0.90244
0.40298,0.90244
0.40252,0.90244
0.40206,0.90244
0.40161,0.90244
0.40115,0.90244
0.4007,0.90244
0.40024,0.90211
0.39979,0.90211
0.39933,0.90211
0.39888,0.90211
0.39843,0.90195
0.39798,0.90195
0.39753,0.90195
0.39707,0.90195
0.39662,0.90195
0.39617,0.90178
0.39572,0.90178
0.39528,0.90178
0.39483,0.90178
0.39438,0.90178
0.39393,0.90178
0.39349,0.90178
0.39304,0.90178
0.39259,0.90178
0.39215,0.90178
0.3917,0.90178
0.39126,0.90178
0.39082,0.90178
0.39037,0.90178
0.38993,0.90178
0.38949,0.90178
0.38905,0.90162
0.38861,0.90145
0.38816,0.90145
0.38772,0.90129
0.38728,0.90129
0.38685,0.90129
0.38641,0.90129
0.38597,0.90129
0.38553,0.90113
0.38509,0.90096
0.38466,0.90096
0.38422,0.90096
0.38379,0.90096
0.38335,0.90096
0.38292,0.90063
0.38248,0.90047
0.38205,0.90047
0.38161,0.90047
0.38118,0.90014
0.38075,0.90014
0.38032,0.89998
0.37989,0.89981
0.37946,0.89981
0.37903,0.89948
0.3786,0.89948
0.37817,0.89948
0.37774,0.89948
0.37731,0.89948
0.37688,0.89948
0.37645,0.89948
0.37603,0.89948
0.3756,0.89915
0.37518,0.89915
0.37475,0.89915
0.37432,0.89915
0.3739,0.89915
0.37348,0.89899
0.37305,0.89899
0.37263,0.89899
0.37221,0.89899
0.37179,0.89882
0.37136,0.89866
0.37094,0.89849
0.37052,0.89833
0.3701,0.89833
0.36968,0.89833
0.36926,0.89833
0.36885,0.89833
0.36843,0.898
0.36801,0.898
0.36759,0.898
0.36718,0.898
0.36676,0.898
0.36634,0.89784
0.36593,0.89784
0.36551,0.89784
0.3651,0.89784
0.36468,0.89784
0.36427,0.89784
0.36386,0.89784
0.36345,0.89784
0.36303,0.89784
0.36262,0.89784
0.36221,0.89767
0.3618,0.89767
0.36139,0.89751
0.36098,0.89751
0.36057,0.89751
0.36016,0.89718
0.35975,0.89701
0.35935,0.89701
0.35894,0.89701
0.35853,0.89668
0.35813,0.89652
0.35772,0.89652
0.35731,0.89652
0.35691,0.89652
0.35651,0.89635
0.3561,0.89635
0.3557,0.89635
0.35529,0.89635
0.35489,0.89619
0.35449,0.89619
0.35409,0.89619
0.35369,0.89619
0.35329,0.89619
0.35288,0.89619
0.35248,0.89619
0.35209,0.89602
0.35169,0.89602
0.35129,0.89586
0.35089,0.89586
0.35049,0.89586
0.35009,0.89586
0.3497,0.89586
0.3493,0.89586
0.34891,0.89586
0.34851,0.89586
0.34812,0.89586
0.34772,0.89586
0.34733,0.89586
0.34693,0.89569
0.34654,0.89552
0.34615,0.89552
0.34575,0.89552
0.34536,0.89536
0.34497,0.89536
0.34458,0.89536
0.34419,0.89536
0.3438,0.89519
0.34341,0.89503
0.34302,0.89486
0.34263,0.89486
0.34224,0.89486
0.34186,0.89486
0.34147,0.8947
0.34108,0.8947
0.3407,0.8947
0.34031,0.8947
0.33992,0.8947
0.33954,0.8947
0.33915,0.8947
0.33877,0.8947
0.33839,0.8947
0.338,0.8947
0.33762,0.8947
0.33724,0.8947
0.33685,0.89453
0.33647,0.89453
0.33609,0.89453
0.33571,0.89453
0.33533,0.89453
0.33495,0.89453
0.33457,0.89437
0.33419,0.89437
0.33381,0.89437
0.33343,0.89437
0.33306,0.89437
0.33268,0.89437
0.3323,0.8942
0.33193,0.8942
0.33155,0.8942
0.33117,0.8942
0.3308,0.89403
0.33042,0.89387
0.33005,0.89387
0.32968,0.8937
0.3293,0.8937
0.32893,0.8937
0.32856,0.8937
0.32818,0.8937
0.32781,0.8937
0.32744,0.8937
0.32707,0.8937
0.3267,0.8937
0.32633,0.89354
0.32596,0.89337
0.32559,0.89337
0.32522,0.89337
0.32485,0.89337
0.32448,0.89337
0.32412,0.89337
0.32375,0.89337
0.32338,0.89337
0.32302,0.89337
0.32265,0.89337
0.32228,0.8932
0.32192,0.8932
0.32155,0.8932
0.32119,0.8932
0.32083,0.8932
0.32046,0.89304
0.3201,0.89304
0.31974,0.89304
0.31938,0.89304
0.31901,0.89304
0.31865,0.89304
0.31829,0.89304
0.31793,0.89304
0.31757,0.89304
0.31721,0.89287
0.31685,0.89271
0.31649,0.89237
0.31613,0.89237
0.31578,0.89221
0.31542,0.89204
0.31506,0.89204
0.3147,0.89187
0.31435,0.89187
0.31399,0.89171
0.31364,0.89138
0.31328,0.89138
0.31293,0.89138
0.31257,0.89121
0.31222,0.89088
0.31186,0.89088
0.31151,0.89071
0.31116,0.89071
0.3108,0.89054
0.31045,0.89038
0.3101,0.89038
0.30975,0.89004
0.3094,0.89004
0.30905,0.88988
0.3087,0.88988
0.30835,0.88988
0.308,0.88988
0.30765,0.88971
0.3073,0.88971
0.30695,0.88971
0.30661,0.88971
0.30626,0.88971
0.30591,0.88971
0.30557,0.88954
0.30522,0.88954
0.30487,0.88954
0.30453,0.88954
0.30418,0.88954
0.30384,0.88938
0.30349,0.88921
0.30315,0.88921
0.30281,0.88921
0.30246,0.88921
0.30212,0.88921
0.30178,0.88921
0.30144,0.88921
0.3011,0.88921
0.30076,0.88921
0.30042,0.88921
0.30008,0.88904
0.29974,0.88904
0.2994,0.88904
0.29906,0.88904
0.29872,0.88904
0.29838,0.88904
0.29804,0.88904
0.2977,0.88904
0.29737,0.88904
0.29703,0.88904
0.29669,0.88904
0.29636,0.88904
0.29602,0.88904
0.29569,0.88904
0.29535,0.88871
0.29502,0.88871
0.29468,0.88871
0.29435,0.88854
0.29402,0.88837
0.29368,0.8882
0.29335,0.88804
0.29302,0.88804
0.29269,0.88804
0.29236,0.88804
0.29202,0.88804
0.29169,0.88804
0.29136,0.88804
0.29103,0.88804
0.2907,0.88804
0.29038,0.88787
0.29005,0.8877
0.28972,0.8877
0.28939,0.8877
0.28906,0.8877
0.28873,0.8877
0.28841,0.88753
0.28808,0.88753
0.28776,0.88736
0.28743,0.88703
0.2871,0.88703
0.28678,0.88703
0.28645,0.88686
0.28613,0.88686
0.28581,0.88669
0.28548,0.88669
0.28516,0.88669
0.28484,0.88669
0.28451,0.88652
0.28419,0.88652
0.28387,0.88652
0.28355,0.88652
0.28323,0.88652
0.28291,0.88635
0.28259,0.88635
0.28227,0.88635
0.28195,0.88619
0.28163,0.88602
0.28131,0.88602
0.28099,0.88585
0.28067,0.88585
0.28035,0.88585
0.28004,0.88585
0.27972,0.88585
0.2794,0.88585
0.27909,0.88585
0.27877,0.88585
0.27846,0.88585
0.27814,0.88568
0.27783,0.88568
0.27751,0.88551
0.2772,0.88551
0.27688,0.88551
0.27657,0.88534
0.27626,0.88534
0.27594,0.88534
0.27563,0.88534
0.27532,0.88517
0.27501,0.885
0.2747,0.885
0.27439,0.885
0.27407,0.88483
0.27376,0.88466
0.27345,0.88466
0.27314,0.88466
0.27284,0.88466
0.27253,0.88449
0.27222,0.88449
0.27191,0.88432
0.2716,0.88432
0.27129,0.88432
0.27099,0.88432
0.27068,0.88432
0.27037,0.88398
0.27007,0.88398
0.26976,0.88398
0.26946,0.88381
0.26915,0.88381
0.26885,0.88364
0.26854,0.88364
0.26824,0.88347
0.26794,0.88347
0.26763,0.8833
0.26733,0.88313
0.26703,0.88313
0.26673,0.88313
0.26642,0.88313
0.26612,0.88313
0.26582,0.88296
0.26552,0.88296
0.26522,0.88296
0.26492,0.88296
0.26462,0.88279
0.26432,0.88279
0.26402,0.88279
0.26372,0.88279
0.26342,0.88279
0.26313,0.88279
0.26283,0.88279
0.26253,0.88262
0.26223,0.88245
0.26194,0.88245
0.26164,0.88245
0.26134,0.88228
0.26105,0.88228
0.26075,0.88228
0.26046,0.88193
0.26016,0.88193
0.25987,0.88176
0.25957,0.88176
0.25928,0.88159
0.25899,0.88125
0.25869,0.88125
0.2584,0.88125
0.25811,0.88125
0.25782,0.88125
0.25752,0.88125
0.25723,0.88108
0.25694,0.88108
0.25665,0.88108
0.25636,0.88108
0.25607,0.88108
0.25578,0.88108
0.25549,0.8809
0.2552,0.8809
0.25491,0.8809
0.25463,0.8809
0.25434,0.8809
0.25405,0.8809
0.25376,0.8809
0.25347,0.8809
0.25319,0.8809
0.2529,0.8809
0.25262,0.88073
0.25233,0.88073
0.25204,0.88056
0.25176,0.88056
0.25147,0.88056
0.25119,0.88056
0.2509,0.88039
0.25062,0.88039
0.25034,0.88039
0.25005,0.88022
0.24977,0.88004
0.24949,0.88004
0.24921,0.88004
0.24892,0.87987
0.24864,0.8797
0.24836,0.8797
0.24808,0.87953
0.2478,0.87953
0.24752,0.87953
0.24724,0.87953
0.24696,0.87953
0.24668,0.87953
0.2464,0.87953
0.24612,0.87953
0.24584,0.87953
0.24557,0.87953
0.24529,0.87935
0.24501,0.87935
0.24473,0.87935
0.24446,0.87935
0.24418,0.87935
0.2439,0.87918
0.24363,0.87918
0.24335,0.87918
0.24308,0.87918
0.2428,0.87901
0.24253,0.87883
0.24225,0.87866
0.24198,0.87866
0.2417,0.87866
0.24143,0.87849
0.24116,0.87849
0.24089,0.87814
0.24061,0.87797
0.24034,0.87779
0.24007,0.87779
0.2398,0.87779
0.23953,0.87779
0.23925,0.87779
0.23898,0.87762
0.23871,0.87762
0.23844,0.87762
0.23817,0.87762
0.2379,0.87728
0.23764,0.87728
0.23737,0.87728
0.2371,0.87728
0.23683,0.8771
0.23656,0.87693
0.23629,0.87693
0.23603,0.87693
0.23576,0.87693
0.23549,0.87675
0.23523,0.87675
0.23496,0.87675
0.2347,0.87675
0.23443,0.87675
0.23416,0.87675
0.2339,0.87675
0.23364,0.87675
0.23337,0.87675
0.23311,0.87658
0.23284,0.87658
0.23258,0.87658
0.23232,0.87658
0.23205,0.87658
0.23179,0.87658
0.23153,0.87658
0.23127,0.87658
0.23101,0.87658
0.23075,0.87641
0.23048,0.87641
0.23022,0.87623
0.22996,0.87623
0.2297,0.87623
0.22944,0.87623
0.22918,0.87623
0.22892,0.87623
0.22867,0.87623
0.22841,0.87623
0.22815,0.87623
0.22789,0.87623
0.22763,0.87623
0.22738,0.87606
0.22712,0.87606
0.22686,0.87606
0.2266,0.87606
0.22635,0.87606
0.22609,0.87606
0.22584,0.87606
0.22558,0.87606
0.22533,0.87606
0.22507,0.87606
0.22482,0.87606
0.22456,0.87606
0.22431,0.87606
0.22406,0.87606
0.2238,0.87606
0.22355,0.87588
0.2233,0.87588
0.22304,0.87571
0.22279,0.87571
0.22254,0.87571
0.22229,0.87536
0.22204,0.87536
0.22179,0.87536
0.22153,0.87536
0.22128,0.87518
0.22103,0.87518
0.22078,0.875
0.22053,0.875
0.22028,0.87483
0.22004,0.87483
0.21979,0.87483
0.21954,0.87483
0.21929,0.87483
0.21904,0.87465
0.21879,0.87465
0.21855,0.87448
0.2183,0.87448
0.21805,0.87448
0.21781,0.87448
0.21756,0.87448
0.21731,0.87448
0.21707,0.87412
0.21682,0.87395
0.21658,0.87395
0.21633,0.87395
0.21609,0.87395
0.21584,0.87395
0.2156,0.87395
0.21536,0.87395
0.21511,0.87395
0.21487,0.87395
0.21463,0.87395
0.21438,0.87395
0.21414,0.87395
0.2139,0.87395
0.21366,0.87395
0.21342,0.87377
0.21318,0.87377
0.21293,0.87377
0.21269,0.87377
0.21245,0.8736
0.21221,0.8736
0.21197,0.87342
0.21173,0.87324
0.21149,0.87324
0.21125,0.87324
0.21102,0.87324
0.21078,0.87289
0.21054,0.87271
0.2103,0.87271
0.21006,0.87253
0.20983,0.87253
0.20959,0.87253
0.20935,0.87235
0.20911,0.872
0.20888,0.872
0.20864,0.872
0.20841,0.872
0.20817,0.872
0.20794,0.87182
0.2077,0.87182
0.20747,0.87164
0.20723,0.87128
0.207,0.87128
0.20676,0.87128
0.20653,0.87111
0.2063,0.87111
0.20606,0.87111
0.20583,0.87111
0.2056,0.87111
0.20536,0.87111
0.20513,0.87093
0.2049,0.87075
0.20467,0.87075
0.20444,0.87057
0.20421,0.87057
0.20398,0.87057
0.20375,0.87039
0.20352,0.87039
0.20328,0.87039
0.20306,0.87039
0.20283,0.86967
0.2026,0.86949
0.20237,0.86931
0.20214,0.86931
0.20191,0.86913
0.20168,0.86913
0.20145,0.86913
0.20123,0.86913
0.201,0.86913
0.20077,0.86913
0.20054,0.86913
0.20032,0.86913
0.20009,0.86913
0.19987,0.86913
0.19964,0.86913
0.19941,0.86895
0.19919,0.86895
0.19896,0.86895
0.19874,0.86895
0.19851,0.86895
0.19829,0.86895
0.19807,0.86895
0.19784,0.86877
0.19762,0.86877
0.1974,0.86858
0.19717,0.86858
0.19695,0.86858
0.19673,0.86858
0.1965,0.86858
0.19628,0.86858
0.19606,0.8684
0.19584,0.8684
0.19562,0.8684
0.1954,0.8684
0.19518,0.8684
0.19496,0.8684
0.19473,0.8684
0.19451,0.86822
0.19429,0.86822
0.19408,0.86804
0.19386,0.86785
0.19364,0.86785
0.19342,0.86785
0.1932,0.86785
0.19298,0.86785
0.19276,0.86785
0.19255,0.86785
0.19233,0.86785
0.19211,0.86749
0.19189,0.86749
0.19168,0.86749
0.19146,0.86749
0.19124,0.86749
0.19103,0.86749
0.19081,0.86749
0.1906,0.86749
0.19038,0.8673
0.19017,0.86712
0.18995,0.86712
0.18974,0.86712
0.18952,0.86693
0.18931,0.86693
0.18909,0.86693
0.18888,0.86693
0.18867,0.86693
0.18845,0.86693
0.18824,0.86693
0.18803,0.86693
0.18782,0.86693
0.1876,0.86693
0.18739,0.86656
0.18718,0.86656
0.18697,0.86656
0.18676,0.86656
0.18655,0.86638
0.18634,0.86619
0.18612,0.86619
0.18591,0.86619
0.1857,0.86619
0.18549,0.86619
0.18528,0.86619
0.18508,0.86619
0.18487,0.86601
0.18466,0.86601
0.18445,0.86601
0.18424,0.86582
0.18403,0.86582
0.18382,0.86582
0.18362,0.86582
0.18341,0.86563
0.1832,0.86563
0.183,0.86563
0.18279,0.86563
0.18258,0.86526
0.18238,0.86489
0.18217,0.8647
0.18196,0.8647
0.18176,0.86451
0.18155,0.86451
0.18135,0.86451
0.18114,0.86451
0.18094,0.86451
0.18073,0.86451
0.18053,0.86451
0.18033,0.86451
0.18012,0.86451
0.17992,0.86414
0.17972,0.86395
0.17951,0.86395
0.17931,0.86395
0.17911,0.86395
0.17891,0.86395
0.1787,0.86395
0.1785,0.86395
0.1783,0.86395
0.1781,0.86395
0.1779,0.86395
0.1777,0.86395
0.1775,0.86395
0.17729,0.86395
0.17709,0.86395
0.17689,0.86376
0.17669,0.86376
0.1765,0.86376
0.1763,0.86376
0.1761,0.86376
0.1759,0.86376
0.1757,0.86376
0.1755,0.86376
0.1753,0.86376
0.1751,0.86338
0.17491,0.86338
0.17471,0.86299
0.17451,0.86299
0.17431,0.86299
0.17412,0.86299
0.17392,0.8628
0.17372,0.8628
0.17353,0.86261
0.17333,0.86261
0.17314,0.86261
0.17294,0.86261
0.17275,0.86261
0.17255,0.86261
0.17236,0.86261
0.17216,0.86261
0.17197,0.86261
0.17177,0.86261
0.17158,0.86261
0.17139,0.86261
0.17119,0.86241
0.171,0.86222
0.17081,0.86222
0.17061,0.86222
0.17042,0.86222
0.17023,0.86222
0.17003,0.86202
0.16984,0.86183
0.16965,0.86163
0.16946,0.86163
0.16927,0.86163
0.16908,0.86163
0.16889,0.86163
0.1687,0.86144
0.1685,0.86144
0.16831,0.86144
0.16812,0.86144
0.16793,0.86144
0.16774,0.86144
0.16756,0.86124
0.16737,0.86124
0.16718,0.86124
0.16699,0.86124
0.1668,0.86124
0.16661,0.86124
0.16642,0.86124
0.16624,0.86124
0.16605,0.86124
0.16586,0.86105
0.16567,0.86105
0.16549,0.86105
0.1653,0.86105
0.16511,0.86085
0.16493,0.86085
0.16474,0.86085
0.16455,0.86085
0.16437,0.86085
0.16418,0.86085
0.164,0.86085
0.16381,0.86085
0.16363,0.86065
0.16344,0.86065
0.16326,0.86065
0.16307,0.86026
0.16289,0.86026
0.16271,0.86026
0.16252,0.86026
0.16234,0.86026
0.16216,0.86006
0.16197,0.86006
0.16179,0.86006
0.16161,0.86006
0.16142,0.85986
0.16124,0.85966
0.16106,0.85966
0.16088,0.85966
0.1607,0.85966
0.16051,0.85966
0.16033,0.85966
0.16015,0.85947
0.15997,0.85947
0.15979,0.85947
0.15961,0.85947
0.15943,0.85947
0.15925,0.85947
0.15907,0.85927
0.15889,0.85927
0.15871,0.85927
0.15853,0.85927
0.15835,0.85927
0.15818,0.85927
0.158,0.85927
0.15782,0.85927
0.15764,0.85927
0.15746,0.85927
0.15728,0.85927
0.15711,0.85927
0.15693,0.85927
0.15675,0.85927
0.15658,0.85927
0.1564,0.85927
0.15622,0.85927
0.15605,0.85927
0.15587,0.85927
0.15569,0.85927
0.15552,0.85927
0.15534,0.85927
0.15517,0.85927
0.15499,0.85907
0.15482,0.85907
0.15464,0.85907
0.15447,0.85847
0.15429,0.85827
0.15412,0.85807
0.15395,0.85807
0.15377,0.85807
0.1536,0.85807
0.15342,0.85807
0.15325,0.85807
0.15308,0.85787
0.15291,0.85787
0.15273,0.85767
0.15256,0.85767
0.15239,0.85767
0.15222,0.85767
0.15204,0.85767
0.15187,0.85767
0.1517,0.85747
0.15153,0.85727
0.15136,0.85727
0.15119,0.85707
0.15102,0.85707
0.15085,0.85687
0.15068,0.85687
0.15051,0.85687
0.15034,0.85687
0.15017,0.85687
0.15,0.85687
0.14983,0.85646
0.14966,0.85646
0.14949,0.85646
0.14932,0.85646
0.14915,0.85646
0.14899,0.85626
0.14882,0.85626
0.14865,0.85606
0.14848,0.85606
0.14831,0.85606
0.14815,0.85566
0.14798,0.85566
0.14781,0.85566
0.14765,0.85566
0.14748,0.85546
0.14731,0.85546
0.14715,0.85546
0.14698,0.85546
0.14681,0.85546
0.14665,0.85546
0.14648,0.85546
0.14632,0.85525
0.14615,0.85525
0.14599,0.85525
0.14582,0.85525
0.14566,0.85525
0.14549,0.85485
0.14533,0.85485
0.14517,0.85485
0.145,0.85465
0.14484,0.85465
0.14468,0.85465
0.14451,0.85465
0.14435,0.85465
0.14419,0.85465
0.14402,0.85465
0.14386,0.85444
0.1437,0.85444
0.14354,0.85444
0.14337,0.85444
0.14321,0.85444
0.14305,0.85424
0.14289,0.85424
0.14273,0.85424
0.14257,0.85424
0.14241,0.85424
0.14225,0.85424
0.14209,0.85424
0.14193,0.85424
0.14177,0.85424
0.14161,0.85424
0.14145,0.85424
0.14129,0.85424
0.14113,0.85424
0.14097,0.85424
0.14081,0.85424
0.14065,0.85424
0.14049,0.85424
0.14033,0.85424
0.14017,0.85424
0.14002,0.85424
0.13986,0.85424
0.1397,0.85424
0.13954,0.85424
0.13939,0.85403
0.13923,0.85403
0.13907,0.85403
0.13891,0.85403
0.13876,0.85403
0.1386,0.85403
0.13844,0.85403
0.13829,0.85403
0.13813,0.85383
0.13798,0.85383
0.13782,0.85383
0.13767,0.85383
0.13751,0.85383
0.13735,0.85362
0.1372,0.85362
0.13705,0.85362
0.13689,0.85362
0.13674,0.85362
0.13658,0.85362
0.13643,0.85341
0.13627,0.853
0.13612,0.853
0.13597,0.853
0.13581,0.85279
0.13566,0.85279
0.13551,0.85279
0.13535,0.85258
0.1352,0.85258
0.13505,0.85258
0.1349,0.85258
0.13474,0.85258
0.13459,0.85237
0.13444,0.85237
0.13429,0.85216
0.13414,0.85216
0.13399,0.85216
0.13384,0.85216
0.13368,0.85216
0.13353,0.85216
0.13338,0.85216
0.13323,0.85216
0.13308,0.85216
0.13293,0.85195
0.13278,0.85195
0.13263,0.85195
0.13248,0.85195
0.13233,0.85195
0.13218,0.85195
0.13204,0.85195
0.13189,0.85195
0.13174,0.85174
0.13159,0.85174
0.13144,0.85174
0.13129,0.85174
0.13114,0.85153
0.131,0.85132
0.13085,0.85132
0.1307,0.85132
0.13055,0.85132
0.13041,0.85132
0.13026,0.85111
0.13011,0.85111
0.12997,0.85111
0.12982,0.85068
0.12967,0.85068
0.12953,0.85026
0.12938,0.85026
0.12923,0.85026
0.12909,0.85005
0.12894,0.85005
0.1288,0.85005
0.12865,0.85005
0.12851,0.84983
0.12836,0.84983
0.12822,0.84962
0.12807,0.84941
0.12793,0.84941
0.12778,0.84941
0.12764,0.84941
0.1275,0.84941
0.12735,0.84919
0.12721,0.84898
0.12707,0.84876
0.12692,0.84876
0.12678,0.84768
0.12664,0.84768
0.12649,0.84768
0.12635,0.84768
0.12621,0.84768
0.12607,0.84768
0.12592,0.84768
0.12578,0.84768
0.12564,0.84768
0.1255,0.84768
0.12536,0.84768
0.12522,0.84768
0.12507,0.84768
0.12493,0.84746
0.12479,0.84725
0.12465,0.84681
0.12451,0.84681
0.12437,0.84681
0.12423,0.84681
0.12409,0.84681
0.12395,0.84681
0.12381,0.84681
0.12367,0.84681
0.12353,0.84681
0.12339,0.84681
0.12325,0.84681
0.12311,0.84681
0.12298,0.84681
0.12284,0.84681
0.1227,0.84681
0.12256,0.84681
0.12242,0.84681
0.12228,0.84659
0.12215,0.84659
0.12201,0.84637
0.12187,0.84637
0.12173,0.84637
0.1216,0.84637
0.12146,0.84637
0.12132,0.84637
0.12119,0.84637
0.12105,0.84637
0.12091,0.84637
0.12078,0.84637
0.12064,0.84637
0.1205,0.84637
0.12037,0.84637
0.12023,0.84637
0.1201,0.84637
0.11996,0.84637
0.11983,0.84615
0.11969,0.84615
0.11956,0.84615
0.11942,0.84615
0.11929,0.84593
0.11915,0.84593
0.11902,0.84593
0.11888,0.84593
0.11875,0.84593
0.11862,0.84593
0.11848,0.84593
0.11835,0.84593
0.11822,0.8457
0.11808,0.8457
0.11795,0.8457
0.11782,0.8457
0.11768,0.84548
0.11755,0.84548
0.11742,0.84548
0.11729,0.84548
0.11715,0.84548